{
  "description": "Description",
  "label": "Oauth2",
  "category": "Misc",
  "icon": "CreateIcon",
  "options": [
    {
      "info": "Content-Type Header",
      "label": "Content Type",
      "meta": {
        "type": "Select",
        "values": [
          {
            "label": "json",
            "value": "applicationjson"
          },
          {
            "label": "xwwwform-urlencoded",
            "value": "applicationxwwwform-urlencoded"
          }
        ]
      },
      "name": "ContnentType"
    },
    {
      "meta": {
        "type": "Text"
      },
      "name": "authUri",
      "label": "Authorization URI",
      "info": "URI",
      "advanced": false,
      "configuration": {
        "placeholder": "https://portal.gunder.com/gunder/authorize.action"
      }
    },
    {
      "meta": {
        "type": "Text"
      },
      "name": "tokenUri",
      "label": "Token Credential URI",
      "info": "This is where the token credential uri goes",
      "advanced": false,
      "configuration": {
        "placeholder": "https://portal.gunder.com/gunder/api/oauth2/token"
      }
    },
    {
      "meta": {
        "type": "Text"
      },
      "name": "client",
      "label": "Client",
      "info": "Client Num/Name",
      "advanced": false,
      "configuration": {
        "placeholder": "124"
      }
    },
    {
      "meta": {
        "type": "Text"
      },
      "name": "secret",
      "label": "Client Secret",
      "info": "Shhhhh",
      "advanced": false,
      "configuration": {
        "placeholder": ""
      }
    },
    {
      "info": "Select all the variables you want to have available in the template with a key",
      "label": "Body Variables",
      "meta": {
        "type": "Map"
      },
      "name": "variables"
    },
    {
      "info": "An optional body containing data associated with the request.",
      "label": "Body",
      "meta": {
        "type": "MultilineText"
      },
      "name": "body",
      "advanced": false
    },
    {
      "meta": {
        "type": "Output",
        "output": {
          "type": "Object"
        }
      },
      "name": "token",
      "label": "As",
      "info": "auth key"
    }
  ],
  "yields": "NONE"
}
