{
  "description": "Converts any given input to a Number",
  "label": "Parse as Number",
  "category": "Misc",
  "icon": "CreateIcon",
  "options": [
    {
      "label": "Input",
      "info": "The value you want to convert to a Number",
      "meta": {
        "type": "Value",
        "allowedKinds": ["BOOLEAN", "STRING"]
      },
      "name": "input"
    },
    {
      "label": "AS",
      "meta": {
        "type": "Number"
      },
      "name": "output",
      "info": "The name of the variable you want for the parsed value."
    }
  ],
  "yields": "NONE"
}
